{
  "logLevel": "debug",
  "analyzerPath": "",
  "diff": {
    "autoAcceptOnSave": true
  },
  "analysis": {
    "analyzeOnSave": true
  },
  "genai": {
    "enabled": true,
    "agentMode": false,
    "excludedDiagnosticSources": [
      "trunk"
    ],
    "cacheDir": null,
    "traceDir": "/Users/sshaaf/git/kai-tests/coolstore/.vscode/mta-genai-traces",
    "traceEnabled": true,
    "demoMode": false
  },
  "solutionServer": {
    "enabled": true,
    "url": "http://localhost:8000"
  },
  "debug": {
    "webview": false
  }
}